{"cameraMode":{"drawMode":0,"name":"Shaded","section":"Shading Mode"},"sceneLighting":true,"audioPlay":false,"sceneViewState":{"m_AlwaysRefresh":false,"showFog":true,"showSkybox":true,"showFlares":true,"showImageEffects":true,"showParticleSystems":true,"showVisualEffectGraphs":true,"m_FxEnabled":true},"in2DMode":false,"pivot":{"x":-133.7661895751953,"y":-40.48139190673828,"z":-171.60133361816407},"rotation":{"x":0.02964693494141102,"y":-0.9426249861717224,"z":0.08707204461097717,"w":0.32098397612571719},"size":119.02302551269531,"orthographic":false}