{"cameraMode":{"drawMode":0,"name":"Shaded","section":"Shading Mode"},"sceneLighting":true,"audioPlay":false,"sceneViewState":{"m_AlwaysRefresh":false,"showFog":true,"showSkybox":true,"showFlares":true,"showImageEffects":true,"showParticleSystems":true,"showVisualEffectGraphs":true,"m_FxEnabled":true},"in2DMode":false,"pivot":{"x":22.24821662902832,"y":42.736454010009769,"z":-67.93551635742188},"rotation":{"x":0.12040919810533524,"y":0.45804381370544436,"z":-0.06277351081371308,"w":0.8785086870193481},"size":5.180264949798584,"orthographic":false}