{"cameraMode":{"drawMode":0,"name":"Shaded","section":"Shading Mode"},"sceneLighting":false,"audioPlay":false,"sceneViewState":{"m_AlwaysRefresh":false,"showFog":true,"showSkybox":false,"showFlares":true,"showImageEffects":true,"showParticleSystems":true,"showVisualEffectGraphs":true,"m_FxEnabled":true},"in2DMode":false,"pivot":{"x":0.0036438824608922006,"y":0.07359961420297623,"z":0.00900942087173462},"rotation":{"x":0.078867606818676,"y":-0.8302679061889648,"z":0.12167157232761383,"w":0.5381766557693481},"size":0.5012178421020508,"orthographic":false}