{"cameraMode":{"drawMode":0,"name":"Shaded","section":"Shading Mode"},"sceneLighting":false,"audioPlay":false,"sceneViewState":{"m_AlwaysRefresh":false,"showFog":true,"showSkybox":false,"showFlares":true,"showImageEffects":true,"showParticleSystems":true,"showVisualEffectGraphs":true,"m_FxEnabled":true},"in2DMode":false,"pivot":{"x":0.8115580677986145,"y":0.026074886322021486,"z":0.02500009536743164},"rotation":{"x":-0.11183004081249237,"y":0.6729914546012878,"z":-0.10399208962917328,"w":-0.7237155437469482},"size":4.1153154373168949,"orthographic":false}