{"cameraMode":{"drawMode":0,"name":"Shaded","section":"Shading Mode"},"sceneLighting":false,"audioPlay":false,"sceneViewState":{"m_AlwaysRefresh":false,"showFog":true,"showSkybox":false,"showFlares":true,"showImageEffects":true,"showParticleSystems":true,"showVisualEffectGraphs":true,"m_FxEnabled":true},"in2DMode":false,"pivot":{"x":0.9687502384185791,"y":1.249842882156372,"z":-0.015624761581420899},"rotation":{"x":0.04630112648010254,"y":-0.8506079912185669,"z":0.07599993050098419,"w":0.5182471871376038},"size":1.5841014385223389,"orthographic":false}