{"cameraMode":{"drawMode":0,"name":"Shaded","section":"Shading Mode"},"sceneLighting":false,"audioPlay":false,"sceneViewState":{"m_AlwaysRefresh":false,"showFog":true,"showSkybox":false,"showFlares":true,"showImageEffects":true,"showParticleSystems":true,"showVisualEffectGraphs":true,"m_FxEnabled":true},"in2DMode":false,"pivot":{"x":1.388798475265503,"y":1.9997327327728272,"z":1.6560840606689454},"rotation":{"x":0.04630112648010254,"y":-0.8506079912185669,"z":0.07599993050098419,"w":0.5182471871376038},"size":3.3728537559509279,"orthographic":false}